Item,Unit Price,Quantity,Total Price,URL
Predator 212cc Engine,$149.99,0 (Already Own),0,https://www.harborfreight.com/65-hp-212cc-ohv-horizontal-shaft-gas-engine-epa-69730.html
"Wheels (set of 4)

",$85.25,1,$85.25,https://www.ebay.com/itm/176099625588?chn=ps&mkevt=1&mkcid=28&google_free_listing_action=view_item
Engine Mounting Plate,$15.99,1,$15.99,https://www.walmart.com/ip/JRL-Motor-Mount-Plate-Kit-Harbor-Freight-Predator-For-212cc-Engine-Motor-Mount-Plate-Kit-6-5HP-Go-Kart/1553238911?wmlspartner=wlpa&selectedSellerId=101089297&sourceid=dsn_gdn_0c92c416-dbd6-42ec-845c-ecf69af2153d&veh=dsn&wmlspartner=dsn_gdn_0c92c416-dbd6-42ec-845c-ecf69af2153d&cn=0042_fy27_mp_mpa_lo_int_dis_pmax-p13n&wl9=pla&wl11=online&gad_source=1&gad_campaignid=23148469844&gbraid=0AAAAADmfBIoXduid9xVebSBss-DheVyZD&gclid=Cj0KCQjwxvjRBhC2ARIsAI7KJa0XVGTJpQ9IBYpJSrws2-USC56vp1eicbWI1ScslFUsFs36IVgfi4EaAsLbEALw_wcB
Back Wheel Rims,$32.95,2,$65.90,https://www.bmikarts.com/6-x-4-12-Wheel-1-Bore_p_5402.html?srsltid=AfmBOooIlNu_Fj9ncU-HA2ealPheeLQ-ESCZTJkuxEHGdD2GwwwJBvco
Front Wheel Rims,$29.95,2,$59.90,https://www.bmikarts.com/6-x-4-12-Floater-Wheel_p_1566.html?srsltid=AfmBOopctCR9zSRW-7UiEqR7UPV91Dgz5dZFub6JQFLrJp46ySObkHfECNE
Cable Clamp,$12.99,1,$12.99,https://www.amazon.com/Aiomhao-Throttle-Brake-Terminator-Coupler/dp/B0G34GSN6G/ref=sr_1_1_sspa?channelId=500&clpRedir=Y&dib=eyJ2IjoiMSJ9.4kPF_b97OCCdqHs9hwDdp4mtZ72hh2UOdCd63d1bKdNiZAAGBKb4sNOwU-4wjMQhVMOA-UIGRtns4nHhgjyyLXWOPVS-jqFG0BnJFYNf6hEov5TXw3xQJ9XR07ANYqFh25CPIgh7yP5VrqAFUxaecEfJXJwBLsuHdnZAOS6U-QmPmCa4zEOryXAZ2wTaeHvLdvTYNXL_d0SjoB7bFf8ayeMpdtDWMjsCu7A47GkVt0cg8rGvk2R7J8Iz2etmSWtXYpORe7zo2D6c8FlItgqOGYX70rmrAJg0pX-AYIvXi1Y.QrxS2KMsf5y4fRw180_NfhFJwapQx5XedOhyvNSx9sY&dib_tag=se&keywords=go+kart+throttle+cable+clamp&plpRedirect=mhFallback&qid=1783913728&sr=8-1-spons&sp_csd=d2lkZ2V0TmFtZT1zcF9hdGY&psc=1
Brake Cable,$7.95,1,$7.95,https://www.bmikarts.com/Brake-Cable--65_p_5554.html
Torque Converter,$58.89,1,$58.89,https://www.amazon.com/GYMMEDS-30-Converter-Predator-Replacement/dp/B0D6Z6VG63/ref=sr_1_1_sspa?crid=3133TY01SKTOH&dib=eyJ2IjoiMSJ9.ljKYlKqXZERQAzG1RNVG8AVuFsXPdSsbrPIm_JkspUmd8iSGGi78oTry5wTGMqMt5ryOkl9ojFSnTmPHbbj0OI541ZoHTHUGk693SZgok6gisW_dK68JVzOmietuex-RrX2STIkJee-jkwbGjcqw3Tq8KqoUQ12Ml0NG2r73On1t9mDWnkVxhgGUgo6vo-qmrJgXxjvgpEtKvD9ZATsi33e6FAEbV7666q2pbkm6_6s.b56gUdk2MJ1c4lStVswb_qniQ2pKYpEFBxWjJpnZENQ&dib_tag=se&keywords=30%2Bseries%2Btorque%2Bconverter%2B%2335%2Bchain%2Bfor%2Bpredator%2B212&qid=1782590388&sprefix=30%2Bseries%2Btorque%2Bconverter%2B%2B35%2Bchain%2Bfor%2Bpredator%2B212%2Caps%2C170&sr=8-1-spons&sp_csd=d2lkZ2V0TmFtZT1zcF9hdGY&th=1
Rear Live Axle + Brakes + Sprocket Kit,$172.95,1,$172.95,https://www.bmikarts.com/1-Live-Axle-Kit-35-Chain_p_44794.html?srsltid=AfmBOoqgqtjn9SSq9ierFu9jjqPi0PCzwxA0o21o8fqavQkBkc28IrQo
Pedals + Throttle Cable,$16.99,1,$16.99,https://www.amazon.com/CILOYU-Pedals-Throttle-Accessorise-Predator/dp/B0CVWZQCHG/ref=sr_1_9?crid=3MRWGBGHM1HX8&dib=eyJ2IjoiMSJ9.Cc5KPbdUAvFZNWbnqUYqJB3BHKTsG53VWA-VoT80qg87l4D8qLAqPUc_FNOyQNyiBlnqqnvPvyad0Vm6HeQQEGGFbZFhopbcxUsJN4wkM4Ev7tDaiC4mPoiM1QlKlXVKCRhKjanxaFNcE53-x9VWqDYkUFU37q_qKSXS0XlvQ6_sNX3XWNje5viQ29DsqNwcabyYgg4OGmvS-1Sc19k4x2NJETgLcSRjEUezB1AJfwfj08haEl4DcJ1DiIxGlzvZu8X-9BTrCiMS2F6njMolHFlQfi60dz_gWfwh4f_IFLU.Tkjo4AA4SfwKwrq4MfA3gNbXVibMN6UE_J11I4JqTmw&dib_tag=se&keywords=go%2Bkart%2Bpedal%2Bkit&qid=1781379817&sprefix=go%2Bkart%2Bpedal%2B%2Caps%2C466&sr=8-9&th=1
16 Gauge 24x6 in steel to weld on for feet panel.,$19.48,1,$19.48,https://www.lowes.com/pd/Hillman-6-in-x-24-in-Cold-Rolled-Steel-Solid/3050431
"Steering Rod Support Shaft 20""",$12.08,1,$12.08,https://www.amazon.com/Diameter-1018-Steel-Round-Bar/dp/B0DJ5LLMCB/ref=sr_1_1?crid=2AHHJEP8WWKCU&dib=eyJ2IjoiMSJ9.sR_ryNwewcs3Y-iA3TLV2tOxPcGh-TO8ukcY-6Y8ljrhacSqXlzinNegeKies_m_ZMLpfLMMDkrwEfZXvmRPs8bjkptLuEOD6AoFB18FfWJj571EntldR0hIS7jgMu26m2IaBCSiDZYPWyM2RrVTH6esS-k9pvhO1shCbDCalUoN0SXVUG7ZLHDvgH7wDBBpWbXP7FAHV9uDNpb0ey4pIoFem43e1vqppWVfVAoPXXg.1OBGR8acuMqgO9OTAuXt8hnL6VkqD1-InDWSFiMtT0s&dib_tag=se&keywords=5%2F8%2Bin%2Bsteel%2Brod%2B20%22&qid=1782229635&sprefix=5%2F8%2Bin%2Bsteel%2Brod%2B20%2B%2Caps%2C254&sr=8-1&th=1
Steering Shaft Support Bearing,$13.95,1,$13.95,https://hotrodhardware.com/products/copy-of-borgeson-stainless-steel-rod-end-bearing-steering-shaft-support-1?variant=41648812261508&country=US&currency=USD&utm_medium=product_sync&utm_source=google&utm_content=sag_organic&utm_campaign=sag_organic&srsltid=AfmBOorkUpjoPpxZ5j67RJiSZ3wNLPVzU_H-WN81XD0TLoHUX36Dw3XKaFw
Rack and Pinnion Steering,$66.99,0 (Already Own),0,https://www.amazon.com/JNDO-Steering-Pinion-Column-Suitable/dp/B0FJ54SFKF/ref=sxin_18_pa_sp_search_thematic_sspa?content-id=amzn1.sym.f1e24090-399e-445e-b618-1765f1ce436c%3Aamzn1.sym.f1e24090-399e-445e-b618-1765f1ce436c&cv_ct_cx=rack%2Band%2Bpinion%2Bgo%2Bkart%2Bsteering&hvadid=812633937494&hvdev=c&hvexpln=67&hvlocphy=9029746&hvnetw=g&hvocijid=12344385032973254331--&hvqmt=e&hvrand=12344385032973254331&hvtargid=kwd-2419958675991&hydadcr=23359_13902220&keywords=rack%2Band%2Bpinion%2Bgo%2Bkart%2Bsteering&mcid=4b6269b2b7ba3d9ebca92a1b117f666a&pd_rd_i=B0FJ54SFKF&pd_rd_r=4a8e6695-34f7-483f-8a8f-c6a58c95837c&pd_rd_w=2mnxx&pd_rd_wg=XjdDa&pf_rd_p=f1e24090-399e-445e-b618-1765f1ce436c&pf_rd_r=P87G64RD5Z9B99QSKZHA&qid=1782508644&sbo=RZvfv%2F%2FHxDF%2BO5021pAnSA%3D%3D&sr=1-1-72da3c38-bbeb-4ec6-a5c8-94f3516831b3-spons&aref=rzdhgeWSJy&sp_csd=d2lkZ2V0TmFtZT1zcF9zZWFyY2hfdGhlbWF0aWM&th=1
1 Inch 14 Guage Steel Tubing 20'+1 Cut,$36.75,3,$110.25,https://www.wasatchsteel.com/buy-steel/
5/32 in 4'x8' Sanded Plywood for the Seat + welding,$10.98,1,$10.98,https://www.lowes.com/pd/7-16-CAT-PS2-10-OSB-Sheathing-Application-as-4-x-8/50382768
Spindles 5/8 inch bearing,39.99,0 (Already Own),0,https://www.ebay.com/itm/286022214149?chn=ps&norover=1&mkevt=1&mkrid=711-173151-913341-5&mkcid=2&mkscid=101&itemid=286022214149&targetid=2449372253943&device=c&mktype=pla_with_promotion&googleloc=9029746&poi=&campaignid=21214302385&mkgroupid=189125629192&rlsatarget=pla-2449372253943&abcId=9407524&merchantid=118831248&gad_source=1&gad_campaignid=21214302385&gbraid=0AAAAAD_QDh-MjHwTjZ94hqtVOdR8B80ZB&gclid=CjwKCAjw9szSBhBNEiwAC57Sqzv--DehM_jUqeIb6b_qp1d2G2JB_2Dd_DIjbxV5AlN47WscSkhWRxoCAnMQAvD_BwE
,,,,
Total Price (without tax) : 677.89 + shipping,,,,
Total Price (with estimated utah tax) approximatly: 686.03 + shipping,,,,
"*Note, for the steel I am using a local vendor. Prices may vary for other vendors. Also, parts may seem very expensive, but for traveling at high speeds, these are the cheapest that I could find. ",,,,
*Any extra metal from the support rod will be used for emmergencies. ,,,,
approximatly:  X with shipping no tax,,,,